<?xml version="1.0" encoding="UTF-8"?>
<!DOCTYPE mapper PUBLIC "-//mybatis.org//DTD Mapper 3.0//EN" "http://mybatis.org/dtd/mybatis-3-mapper.dtd">

<mapper namespace="com.dao.GongyingshangDao">

	<!-- 可根据自己的需求，是否要使用 -->
    <resultMap type="com.entity.GongyingshangEntity" id="gongyingshangMap">
        <result property="gongyingshangbianhao" column="gongyingshangbianhao"/>
        <result property="gongyingshangmingcheng" column="gongyingshangmingcheng"/>
        <result property="lianxiren" column="lianxiren"/>
        <result property="lianxidianhua" column="lianxidianhua"/>
        <result property="gongyingshangdizhi" column="gongyingshangdizhi"/>
        <result property="beizhu" column="beizhu"/>
    </resultMap>

	<select id="selectListVO"
		resultType="com.entity.vo.GongyingshangVO" >
		SELECT * FROM gongyingshang  gongyingshang         
        <where> 1=1 ${ew.sqlSegment}</where>
	</select>
	
	<select id="selectVO"
		resultType="com.entity.vo.GongyingshangVO" >
		SELECT  gongyingshang.* FROM gongyingshang  gongyingshang
 		<where> 1=1 ${ew.sqlSegment}</where>
	</select>

    <select id="selectListView"
		resultType="com.entity.view.GongyingshangView" >

		SELECT  gongyingshang.* FROM gongyingshang  gongyingshang 	        
        <where> 1=1 ${ew.sqlSegment}</where>
	</select>
	
	<select id="selectView"
		resultType="com.entity.view.GongyingshangView" >
		SELECT * FROM gongyingshang  gongyingshang <where> 1=1 ${ew.sqlSegment}</where>
	</select>
	
	
</mapper>