<?xml version="1.0" encoding="UTF-8"?>
<!DOCTYPE mapper PUBLIC "-//mybatis.org//DTD Mapper 3.0//EN" "http://mybatis.org/dtd/mybatis-3-mapper.dtd">

<mapper namespace="com.dao.ShangpintuihuoDao">

	<!-- 可根据自己的需求，是否要使用 -->
    <resultMap type="com.entity.ShangpintuihuoEntity" id="shangpintuihuoMap">
        <result property="gongyingshangbianhao" column="gongyingshangbianhao"/>
        <result property="gongyingshangmingcheng" column="gongyingshangmingcheng"/>
        <result property="caigoubianhao" column="caigoubianhao"/>
        <result property="shangpinbianhao" column="shangpinbianhao"/>
        <result property="shangpinmingcheng" column="shangpinmingcheng"/>
        <result property="pinpai" column="pinpai"/>
        <result property="guige" column="guige"/>
        <result property="shuliang" column="shuliang"/>
        <result property="caigoujiage" column="caigoujiage"/>
        <result property="tuihuojine" column="tuihuojine"/>
        <result property="tuihuoyuanyin" column="tuihuoyuanyin"/>
        <result property="tuihuoriqi" column="tuihuoriqi"/>
        <result property="yuangonggonghao" column="yuangonggonghao"/>
        <result property="yuangongxingming" column="yuangongxingming"/>
    </resultMap>

	<select id="selectListVO"
		resultType="com.entity.vo.ShangpintuihuoVO" >
		SELECT * FROM shangpintuihuo  shangpintuihuo         
        <where> 1=1 ${ew.sqlSegment}</where>
	</select>
	
	<select id="selectVO"
		resultType="com.entity.vo.ShangpintuihuoVO" >
		SELECT  shangpintuihuo.* FROM shangpintuihuo  shangpintuihuo
 		<where> 1=1 ${ew.sqlSegment}</where>
	</select>

    <select id="selectListView"
		resultType="com.entity.view.ShangpintuihuoView" >

		SELECT  shangpintuihuo.* FROM shangpintuihuo  shangpintuihuo 	        
        <where> 1=1 ${ew.sqlSegment}</where>
	</select>
	
	<select id="selectView"
		resultType="com.entity.view.ShangpintuihuoView" >
		SELECT * FROM shangpintuihuo  shangpintuihuo <where> 1=1 ${ew.sqlSegment}</where>
	</select>
	
	
</mapper>