<?xml version="1.0" encoding="UTF-8"?>
<!DOCTYPE mapper PUBLIC "-//mybatis.org//DTD Mapper 3.0//EN" "http://mybatis.org/dtd/mybatis-3-mapper.dtd">

<mapper namespace="com.dao.ShangpinchukuDao">

	<!-- 可根据自己的需求，是否要使用 -->
    <resultMap type="com.entity.ShangpinchukuEntity" id="shangpinchukuMap">
        <result property="shangpinmingcheng" column="shangpinmingcheng"/>
        <result property="shangpinbianhao" column="shangpinbianhao"/>
        <result property="shangpinfenlei" column="shangpinfenlei"/>
        <result property="pinpai" column="pinpai"/>
        <result property="guige" column="guige"/>
        <result property="shuliang" column="shuliang"/>
        <result property="shoujia" column="shoujia"/>
        <result property="zongjine" column="zongjine"/>
        <result property="chukuleixing" column="chukuleixing"/>
        <result property="dengjiriqi" column="dengjiriqi"/>
        <result property="yuangonggonghao" column="yuangonggonghao"/>
        <result property="yuangongxingming" column="yuangongxingming"/>
    </resultMap>

	<select id="selectListVO"
		resultType="com.entity.vo.ShangpinchukuVO" >
		SELECT * FROM shangpinchuku  shangpinchuku         
        <where> 1=1 ${ew.sqlSegment}</where>
	</select>
	
	<select id="selectVO"
		resultType="com.entity.vo.ShangpinchukuVO" >
		SELECT  shangpinchuku.* FROM shangpinchuku  shangpinchuku
 		<where> 1=1 ${ew.sqlSegment}</where>
	</select>

    <select id="selectListView"
		resultType="com.entity.view.ShangpinchukuView" >

		SELECT  shangpinchuku.* FROM shangpinchuku  shangpinchuku 	        
        <where> 1=1 ${ew.sqlSegment}</where>
	</select>
	
	<select id="selectView"
		resultType="com.entity.view.ShangpinchukuView" >
		SELECT * FROM shangpinchuku  shangpinchuku <where> 1=1 ${ew.sqlSegment}</where>
	</select>
	
	
</mapper>