<?xml version="1.0" encoding="UTF-8"?>
<!DOCTYPE mapper PUBLIC "-//mybatis.org//DTD Mapper 3.0//EN" "http://mybatis.org/dtd/mybatis-3-mapper.dtd">

<mapper namespace="com.dao.ShangpincaigouDao">

	<!-- 可根据自己的需求，是否要使用 -->
    <resultMap type="com.entity.ShangpincaigouEntity" id="shangpincaigouMap">
        <result property="gongyingshangbianhao" column="gongyingshangbianhao"/>
        <result property="gongyingshangmingcheng" column="gongyingshangmingcheng"/>
        <result property="caigoubianhao" column="caigoubianhao"/>
        <result property="shangpinbianhao" column="shangpinbianhao"/>
        <result property="shangpinmingcheng" column="shangpinmingcheng"/>
        <result property="pinpai" column="pinpai"/>
        <result property="guige" column="guige"/>
        <result property="shuliang" column="shuliang"/>
        <result property="caigoujiage" column="caigoujiage"/>
        <result property="caigoujine" column="caigoujine"/>
        <result property="caigouriqi" column="caigouriqi"/>
        <result property="yuangonggonghao" column="yuangonggonghao"/>
        <result property="yuangongxingming" column="yuangongxingming"/>
        <result property="sfsh" column="sfsh"/>
        <result property="shhf" column="shhf"/>
    </resultMap>

	<select id="selectListVO"
		resultType="com.entity.vo.ShangpincaigouVO" >
		SELECT * FROM shangpincaigou  shangpincaigou         
        <where> 1=1 ${ew.sqlSegment}</where>
	</select>
	
	<select id="selectVO"
		resultType="com.entity.vo.ShangpincaigouVO" >
		SELECT  shangpincaigou.* FROM shangpincaigou  shangpincaigou
 		<where> 1=1 ${ew.sqlSegment}</where>
	</select>

    <select id="selectListView"
		resultType="com.entity.view.ShangpincaigouView" >

		SELECT  shangpincaigou.* FROM shangpincaigou  shangpincaigou 	        
        <where> 1=1 ${ew.sqlSegment}</where>
	</select>
	
	<select id="selectView"
		resultType="com.entity.view.ShangpincaigouView" >
		SELECT * FROM shangpincaigou  shangpincaigou <where> 1=1 ${ew.sqlSegment}</where>
	</select>
	
	
</mapper>