<?xml version="1.0" encoding="UTF-8"?>
<!DOCTYPE mapper PUBLIC "-//mybatis.org//DTD Mapper 3.0//EN" "http://mybatis.org/dtd/mybatis-3-mapper.dtd">

<mapper namespace="com.dao.ShangpinrukuDao">

	<!-- 可根据自己的需求，是否要使用 -->
    <resultMap type="com.entity.ShangpinrukuEntity" id="shangpinrukuMap">
        <result property="rukudanhao" column="rukudanhao"/>
        <result property="shangpinbianhao" column="shangpinbianhao"/>
        <result property="shangpinmingcheng" column="shangpinmingcheng"/>
        <result property="shangpinfenlei" column="shangpinfenlei"/>
        <result property="pinpai" column="pinpai"/>
        <result property="guige" column="guige"/>
        <result property="shuliang" column="shuliang"/>
        <result property="jinjia" column="jinjia"/>
        <result property="zongjine" column="zongjine"/>
        <result property="beizhu" column="beizhu"/>
        <result property="dengjiriqi" column="dengjiriqi"/>
        <result property="yuangonggonghao" column="yuangonggonghao"/>
        <result property="yuangongxingming" column="yuangongxingming"/>
    </resultMap>

	<select id="selectListVO"
		resultType="com.entity.vo.ShangpinrukuVO" >
		SELECT * FROM shangpinruku  shangpinruku         
        <where> 1=1 ${ew.sqlSegment}</where>
	</select>
	
	<select id="selectVO"
		resultType="com.entity.vo.ShangpinrukuVO" >
		SELECT  shangpinruku.* FROM shangpinruku  shangpinruku
 		<where> 1=1 ${ew.sqlSegment}</where>
	</select>

    <select id="selectListView"
		resultType="com.entity.view.ShangpinrukuView" >

		SELECT  shangpinruku.* FROM shangpinruku  shangpinruku 	        
        <where> 1=1 ${ew.sqlSegment}</where>
	</select>
	
	<select id="selectView"
		resultType="com.entity.view.ShangpinrukuView" >
		SELECT * FROM shangpinruku  shangpinruku <where> 1=1 ${ew.sqlSegment}</where>
	</select>
	
	
</mapper>