<?xml version="1.0" encoding="UTF-8"?>
<!DOCTYPE mapper PUBLIC "-//mybatis.org//DTD Mapper 3.0//EN" "http://mybatis.org/dtd/mybatis-3-mapper.dtd">
<mapper namespace="com.bite.blog.mapper.BlogMapper">
    <update id="updateBlog">
        update blog
        <set>
            <if test="title!=null">
                title = #{title},
            </if>
            <if test="content!=null">
                content = #{content},
            </if>
            <if test="deleteFlag!=null">
                delete_flag = #{deleteFlag},
            </if>
        </set>
        where id = #{id}
    </update>
</mapper>